{
    "metadata":{
        "type":"Geometry",
        "generator":"io_three",
        "version":3,
        "vertices":108,
        "normals":86,
        "colors":0,
        "materials":1,
        "uvs":1,
        "faces":98
    },
    "vertices":[1.00415,5.27629,0.0703332,1.00415,5.23562,0.103953,1.00415,5.19107,0.0756605,1.00415,5.20422,0.0245531,1.00415,5.25688,0.0212619,1.05874,5.29958,0.0763223,1.05874,5.23712,0.127951,1.05874,5.16871,0.084503,1.05874,5.1889,0.00601937,1.05874,5.26977,0.000964888,1.12875,5.23282,0.0591524,-1.03938,5.27629,0.0703332,-1.03938,5.23562,0.103953,-1.03938,5.19107,0.0756605,-1.03938,5.20422,0.0245531,-1.03938,5.25688,0.0212619,-1.09396,5.29958,0.0763223,-1.09396,5.23712,0.127951,-1.09396,5.16871,0.084503,-1.09396,5.1889,0.00601937,-1.09396,5.26977,0.000964888,-1.16398,5.23282,0.0591524,-0.0202942,3.54706e-07,-0.0668411,-0.0698414,3.57569e-07,-0.00135422,-0.022871,3.60513e-07,0.0660038,0.055706,3.5947e-07,0.0421467,0.0572968,3.55881e-07,-0.0399561,-0.0202942,6.08767,-0.0668414,-0.0698414,6.08767,-0.00135448,-0.022871,6.08767,0.0660035,0.055706,6.08767,0.0421464,0.0572968,6.08767,-0.0399564,-0.923724,2.32252,0.0846633,0.923717,5.19453,0.0846632,-0.923724,5.19453,0.0846632,0.923717,2.32252,0.0846633,-0.923724,2.32252,0.060747,0.923717,5.19453,0.0607469,-0.923724,5.19453,0.0607469,0.923717,2.32252,0.060747,0.923717,3.33108,0.0846632,0.923717,3.96821,0.0846632,0.923717,4.60533,0.0846632,-0.923724,4.60533,0.0846632,-0.923724,3.96821,0.0846632,-0.923724,3.33108,0.0846632,0.923717,3.33108,0.060747,0.923717,3.96821,0.060747,0.923717,4.60533,0.0607469,-0.923724,4.60533,0.0607469,-0.923724,3.96821,0.060747,-0.923724,3.33108,0.060747,0.841726,5.27629,0.0703332,0.841726,5.23562,0.103953,0.841726,5.19107,0.0756605,0.841726,5.20422,0.0245531,0.841726,5.25688,0.0212619,0.780924,5.27629,0.0703332,0.780924,5.23562,0.103953,0.780924,5.19107,0.0756605,0.780924,5.20422,0.0245531,0.780924,5.25688,0.0212619,0.842237,5.30553,0.0778549,0.842237,5.2375,0.134091,0.842237,5.16299,0.0867651,0.842237,5.18498,0.00127865,0.842237,5.27307,-0.00422787,0.780415,5.30553,0.0778549,0.780415,5.2375,0.134091,0.780415,5.16299,0.0867651,0.780415,5.18498,0.00127865,0.780415,5.27307,-0.00422787,-0.791797,5.27629,0.0703332,-0.791797,5.23562,0.103953,-0.791797,5.19107,0.0756605,-0.791797,5.20422,0.0245531,-0.791797,5.25688,0.0212619,-0.852598,5.27629,0.0703332,-0.852598,5.23562,0.103953,-0.852598,5.19107,0.0756605,-0.852598,5.20422,0.0245531,-0.852598,5.25688,0.0212619,-0.791286,5.30553,0.0778549,-0.791286,5.2375,0.134091,-0.791286,5.16299,0.0867651,-0.791286,5.18498,0.00127865,-0.791286,5.27307,-0.00422787,-0.853109,5.30553,0.0778549,-0.853109,5.2375,0.134091,-0.853109,5.16299,0.0867651,-0.853109,5.18498,0.00127865,-0.853109,5.27307,-0.00422787,-3.8147e-06,5.0586,0.0846632,-3.8147e-06,2.69395,0.0846633,-3.8147e-06,5.0586,0.0607469,-3.8147e-06,2.69395,0.060747,-3.8147e-06,3.33108,0.060747,-3.8147e-06,3.96821,0.060747,-3.8147e-06,4.60533,0.0607469,-3.8147e-06,3.33108,0.0846632,-3.8147e-06,3.96821,0.0846632,-3.8147e-06,4.60533,0.0846632,-0.0246029,6.13955,-0.0810273,-0.0846634,6.13955,-0.00164154,-0.0277252,6.13955,0.0800121,0.0675297,6.13955,0.0510909,0.069458,6.13955,-0.0484364,0,6.23827,-2.72683e-07],
    "faces":[43,11,0,4,15,0,2,3,0,1,0,0,0,0,43,2,13,14,3,0,4,5,6,7,1,1,1,1,43,0,11,12,1,0,8,9,10,11,2,2,2,2,43,3,14,15,4,0,12,13,14,15,3,3,3,3,43,4,0,5,9,0,16,17,18,19,4,4,4,4,43,2,3,8,7,0,20,21,22,18,5,5,5,5,43,0,1,6,5,0,23,24,25,26,6,6,6,6,43,3,4,9,8,0,27,28,29,30,7,7,7,7,43,1,2,7,6,0,24,31,32,25,8,8,8,8,42,5,6,10,0,33,34,35,9,9,9,42,8,9,10,0,30,29,36,10,10,10,42,6,7,10,0,25,32,37,11,11,11,42,9,5,10,0,19,18,38,12,12,12,42,7,8,10,0,18,22,39,13,13,13,43,15,20,16,11,0,40,41,42,43,14,14,14,14,43,13,18,19,14,0,44,42,45,46,15,15,15,15,43,11,16,17,12,0,47,48,49,50,16,16,16,16,43,14,19,20,15,0,51,52,53,54,17,17,17,17,43,12,17,18,13,0,50,49,55,56,18,18,18,18,42,16,21,17,0,57,58,59,19,19,19,42,19,21,20,0,52,60,53,20,20,20,42,17,21,18,0,49,61,55,21,21,21,42,20,21,16,0,41,62,42,22,22,22,42,18,21,19,0,42,63,45,23,23,23,43,26,31,30,25,0,64,65,66,67,24,24,24,24,43,24,29,28,23,0,68,69,70,71,25,25,25,25,43,22,27,31,26,0,72,73,74,75,26,26,26,26,43,25,30,29,24,0,76,77,78,79,27,27,27,27,43,23,28,27,22,0,71,70,80,81,28,28,28,28,43,101,42,33,92,0,82,83,84,85,29,29,29,29,43,98,94,37,48,0,86,87,88,89,30,30,30,30,43,45,51,36,32,0,90,91,92,93,31,31,31,31,43,42,48,37,33,0,94,95,96,97,32,32,32,32,43,93,95,39,35,0,98,99,100,101,33,33,33,33,43,92,94,38,34,0,102,103,104,105,34,34,34,34,43,35,39,46,40,0,106,107,108,109,35,35,35,35,43,40,46,47,41,0,110,111,112,113,35,35,35,35,43,41,47,48,42,0,114,115,116,117,35,35,35,35,43,34,38,49,43,0,118,119,120,121,36,36,36,36,43,43,49,50,44,0,122,123,124,125,31,31,31,31,43,44,50,51,45,0,126,127,128,129,31,31,31,31,43,95,96,46,39,0,130,131,132,133,37,37,37,37,43,96,97,47,46,0,134,135,136,137,38,38,38,38,43,97,98,48,47,0,138,139,140,141,39,39,39,39,43,93,35,40,99,0,142,143,144,145,40,40,40,40,43,99,40,41,100,0,146,147,148,149,41,41,41,41,43,100,41,42,101,0,150,151,152,153,42,42,42,42,43,83,82,87,88,0,154,155,156,157,43,43,43,43,43,85,84,89,90,0,158,159,160,161,44,44,44,44,43,82,86,91,87,0,162,163,164,158,45,45,45,45,43,84,83,88,89,0,165,154,157,166,46,46,46,46,43,86,85,90,91,0,167,168,169,170,47,47,47,47,43,66,65,70,71,0,171,172,173,174,47,47,47,47,43,64,63,68,69,0,175,176,177,178,46,46,46,46,43,62,66,71,67,0,179,180,163,162,45,45,45,45,43,65,64,69,70,0,181,182,183,184,44,44,44,44,43,63,62,67,68,0,176,185,186,177,43,43,43,43,43,55,54,64,65,0,187,188,189,190,48,48,48,48,43,61,57,67,71,0,191,192,193,194,49,49,49,49,43,58,59,69,68,0,195,196,197,198,50,50,50,50,43,56,55,65,66,0,199,187,190,200,51,51,51,51,43,53,52,62,63,0,201,202,203,204,52,52,52,52,43,59,60,70,69,0,196,205,206,197,53,53,53,53,43,52,56,66,62,0,202,199,200,203,54,54,54,54,43,54,53,63,64,0,188,201,204,189,55,55,55,55,43,60,61,71,70,0,205,191,194,206,56,56,56,56,43,57,58,68,67,0,192,195,198,193,57,57,57,57,43,75,74,84,85,0,207,208,209,210,58,58,58,58,43,81,77,87,91,0,211,212,213,214,59,59,59,59,43,78,79,89,88,0,215,216,217,218,60,60,60,60,43,76,75,85,86,0,219,207,210,220,61,61,61,61,43,73,72,82,83,0,221,222,223,224,62,62,62,62,43,79,80,90,89,0,216,225,226,217,63,63,63,63,43,72,76,86,82,0,222,219,220,223,64,64,64,64,43,74,73,83,84,0,208,221,224,209,65,65,65,65,43,80,81,91,90,0,225,211,214,226,66,66,66,66,43,77,78,88,87,0,212,215,218,213,67,67,67,67,43,1,12,13,2,0,11,10,227,228,68,68,68,68,43,44,100,101,43,0,229,230,231,232,42,42,42,42,43,45,99,100,44,0,233,234,235,236,41,41,41,41,43,32,93,99,45,0,237,238,239,240,69,69,69,69,43,50,49,98,97,0,241,242,243,244,70,70,70,70,43,51,50,97,96,0,245,246,247,248,38,38,38,38,43,36,51,96,95,0,249,250,251,252,71,71,71,71,43,33,37,94,92,0,253,254,255,256,72,72,72,72,43,32,36,95,93,0,257,258,259,260,73,73,73,73,43,49,38,94,98,0,261,262,263,264,74,74,74,74,43,43,101,92,34,0,265,266,267,268,75,75,75,75,43,28,29,104,103,0,269,270,271,272,76,76,76,76,43,31,27,102,106,0,273,274,275,276,77,77,77,77,43,29,30,105,104,0,277,278,279,280,78,78,78,78,43,27,28,103,102,0,281,269,272,282,79,79,79,79,43,30,31,106,105,0,283,284,285,286,80,80,80,80,42,106,102,107,0,287,288,289,81,81,81,42,104,105,107,0,280,279,290,82,82,82,42,102,103,107,0,288,291,289,83,83,83,42,105,106,107,0,286,285,292,84,84,84,42,103,104,107,0,272,271,293,85,85,85],