{
    "metadata":{
        "type":"Geometry",
        "generator":"io_three",
        "version":3,
        "vertices":108,
        "normals":72,
        "colors":0,
        "materials":1,
        "uvs":1,
        "faces":98
    },
    "vertices":[-45.0685,5.21448,-3.91543,-45.0685,5.17381,-3.88181,-45.0685,5.12926,-3.91011,-45.0685,5.14241,-3.96121,-45.0685,5.19507,-3.96451,-45.0139,5.23777,-3.90945,-45.0139,5.17531,-3.85782,-45.0139,5.1069,-3.90126,-45.0139,5.12709,-3.97975,-45.0139,5.20796,-3.9848,-44.9439,5.17101,-3.92661,-47.112,5.21448,-3.91543,-47.112,5.17381,-3.88181,-47.112,5.12926,-3.91011,-47.112,5.14241,-3.96121,-47.112,5.19507,-3.96451,-47.1666,5.23777,-3.90945,-47.1666,5.17531,-3.85782,-47.1666,5.1069,-3.90126,-47.1666,5.12709,-3.97975,-47.1666,5.20796,-3.9848,-47.2366,5.17101,-3.92661,-46.0929,-0.0618097,-4.05261,-46.1425,-0.0618097,-3.98712,-46.0955,-0.0618097,-3.91976,-46.0169,-0.0618097,-3.94362,-46.0153,-0.0618097,-4.02572,-46.0929,6.02586,-4.05261,-46.1425,6.02586,-3.98712,-46.0955,6.02586,-3.91976,-46.0169,6.02586,-3.94362,-46.0153,6.02586,-4.02572,-46.9964,2.26071,-3.9011,-45.1489,5.13272,-3.9011,-46.9964,5.13272,-3.9011,-45.1489,2.26071,-3.9011,-46.9964,2.26071,-3.92502,-45.1489,5.13272,-3.92502,-46.9964,5.13272,-3.92502,-45.1489,2.26071,-3.92502,-45.1489,3.26927,-3.9011,-45.1489,3.9064,-3.9011,-45.1489,4.54352,-3.9011,-46.9964,4.54352,-3.9011,-46.9964,3.9064,-3.9011,-46.9964,3.26927,-3.9011,-45.1489,3.26927,-3.92502,-45.1489,3.9064,-3.92502,-45.1489,4.54352,-3.92502,-46.9964,4.54352,-3.92502,-46.9964,3.9064,-3.92502,-46.9964,3.26927,-3.92502,-45.2309,5.21448,-3.91543,-45.2309,5.17381,-3.88181,-45.2309,5.12926,-3.91011,-45.2309,5.14241,-3.96121,-45.2309,5.19507,-3.96451,-45.2917,5.21448,-3.91543,-45.2917,5.17381,-3.88181,-45.2917,5.12926,-3.91011,-45.2917,5.14241,-3.96121,-45.2917,5.19507,-3.96451,-45.2304,5.24372,-3.90791,-45.2304,5.17569,-3.85168,-45.2304,5.10118,-3.899,-45.2304,5.12317,-3.98449,-45.2304,5.21126,-3.99,-45.2922,5.24372,-3.90791,-45.2922,5.17569,-3.85168,-45.2922,5.10118,-3.899,-45.2922,5.12317,-3.98449,-45.2922,5.21126,-3.99,-46.8644,5.21448,-3.91543,-46.8644,5.17381,-3.88181,-46.8644,5.12926,-3.91011,-46.8644,5.14241,-3.96121,-46.8644,5.19507,-3.96451,-46.9252,5.21448,-3.91543,-46.9252,5.17381,-3.88181,-46.9252,5.12926,-3.91011,-46.9252,5.14241,-3.96121,-46.9252,5.19507,-3.96451,-46.8639,5.24372,-3.90791,-46.8639,5.17569,-3.85168,-46.8639,5.10118,-3.899,-46.8639,5.12317,-3.98449,-46.8639,5.21126,-3.99,-46.9258,5.24372,-3.90791,-46.9258,5.17569,-3.85168,-46.9258,5.10118,-3.899,-46.9258,5.12317,-3.98449,-46.9258,5.21126,-3.99,-46.0726,4.99679,-3.9011,-46.0726,2.63214,-3.9011,-46.0726,4.99679,-3.92502,-46.0726,2.63214,-3.92502,-46.0726,3.26927,-3.92502,-46.0726,3.9064,-3.92502,-46.0726,4.54352,-3.92502,-46.0726,3.26927,-3.9011,-46.0726,3.9064,-3.9011,-46.0726,4.54352,-3.9011,-46.0972,6.07774,-4.06679,-46.1573,6.07774,-3.98741,-46.1004,6.07774,-3.90576,-46.0051,6.07774,-3.93468,-46.0032,6.07774,-4.0342,-46.0726,6.17646,-3.98577],
    "faces":[43,11,0,4,15,0,2,3,0,1,0,0,0,0,43,2,13,14,3,0,4,5,6,7,1,1,1,1,43,0,11,12,1,0,8,9,10,11,2,2,2,2,43,3,14,15,4,0,12,13,14,15,3,3,3,3,43,4,0,5,9,0,16,17,18,19,4,4,4,4,43,2,3,8,7,0,20,21,22,18,5,5,5,5,43,0,1,6,5,0,23,24,25,26,6,6,6,6,43,3,4,9,8,0,27,28,29,30,7,7,7,7,43,1,2,7,6,0,24,31,32,25,8,8,8,8,42,5,6,10,0,33,34,35,9,9,9,42,8,9,10,0,30,29,36,10,10,10,42,6,7,10,0,25,32,37,11,11,11,42,9,5,10,0,19,18,38,12,12,12,42,7,8,10,0,18,22,39,13,13,13,43,15,20,16,11,0,40,41,42,43,14,14,14,14,43,13,18,19,14,0,44,42,45,46,15,15,15,15,43,11,16,17,12,0,47,48,49,50,16,16,16,16,43,14,19,20,15,0,51,52,53,54,17,17,17,17,43,12,17,18,13,0,50,49,55,56,18,18,18,18,42,16,21,17,0,57,58,59,19,19,19,42,19,21,20,0,52,60,53,20,20,20,42,17,21,18,0,49,61,55,21,21,21,42,20,21,16,0,41,62,42,22,22,22,42,18,21,19,0,42,63,45,23,23,23,43,26,31,30,25,0,64,65,66,67,24,24,24,24,43,24,29,28,23,0,68,69,70,71,25,25,25,25,43,22,27,31,26,0,72,73,74,75,26,26,26,26,43,25,30,29,24,0,76,77,78,79,27,27,27,27,43,23,28,27,22,0,71,70,80,81,28,28,28,28,43,101,42,33,92,0,82,83,84,85,29,29,29,29,43,98,94,37,48,0,86,87,88,89,30,30,30,30,43,45,51,36,32,0,90,91,92,93,31,31,31,31,43,42,48,37,33,0,94,95,96,97,32,32,32,32,43,93,95,39,35,0,98,99,100,101,33,33,33,33,43,92,94,38,34,0,102,103,104,105,34,34,34,34,43,35,39,46,40,0,106,107,108,109,32,32,32,32,43,40,46,47,41,0,110,111,112,113,32,32,32,32,43,41,47,48,42,0,114,115,116,117,32,32,32,32,43,34,38,49,43,0,118,119,120,121,31,31,31,31,43,43,49,50,44,0,122,123,124,125,31,31,31,31,43,44,50,51,45,0,126,127,128,129,31,31,31,31,43,95,96,46,39,0,130,131,132,133,35,35,35,35,43,96,97,47,46,0,134,135,136,137,30,30,30,30,43,97,98,48,47,0,138,139,140,141,30,30,30,30,43,93,35,40,99,0,142,143,144,145,36,36,36,36,43,99,40,41,100,0,146,147,148,149,29,29,29,29,43,100,41,42,101,0,150,151,152,153,29,29,29,29,43,83,82,87,88,0,154,155,156,157,37,37,37,37,43,85,84,89,90,0,158,159,160,161,38,38,38,38,43,82,86,91,87,0,162,163,164,158,39,39,39,39,43,84,83,88,89,0,165,154,157,166,40,40,40,40,43,86,85,90,91,0,167,168,169,170,41,41,41,41,43,66,65,70,71,0,171,172,173,174,41,41,41,41,43,64,63,68,69,0,175,176,177,178,40,40,40,40,43,62,66,71,67,0,179,180,163,162,39,39,39,39,43,65,64,69,70,0,181,182,183,184,38,38,38,38,43,63,62,67,68,0,176,185,186,177,37,37,37,37,43,55,54,64,65,0,187,188,189,190,42,42,42,42,43,61,57,67,71,0,191,192,193,194,43,43,43,43,43,58,59,69,68,0,195,196,197,198,44,44,44,44,43,56,55,65,66,0,199,187,190,200,45,45,45,45,43,53,52,62,63,0,201,202,203,204,46,46,46,46,43,59,60,70,69,0,196,205,206,197,47,47,47,47,43,52,56,66,62,0,202,199,200,203,48,48,48,48,43,54,53,63,64,0,188,201,204,189,49,49,49,49,43,60,61,71,70,0,205,191,194,206,50,50,50,50,43,57,58,68,67,0,192,195,198,193,51,51,51,51,43,75,74,84,85,0,207,208,209,210,42,42,42,42,43,81,77,87,91,0,211,212,213,214,52,52,52,52,43,78,79,89,88,0,215,216,217,218,53,53,53,53,43,76,75,85,86,0,219,207,210,220,45,45,45,45,43,73,72,82,83,0,221,222,223,224,46,46,46,46,43,79,80,90,89,0,216,225,226,217,54,54,54,54,43,72,76,86,82,0,222,219,220,223,48,48,48,48,43,74,73,83,84,0,208,221,224,209,49,49,49,49,43,80,81,91,90,0,225,211,214,226,55,55,55,55,43,77,78,88,87,0,212,215,218,213,56,56,56,56,43,1,12,13,2,0,11,10,227,228,57,57,57,57,43,44,100,101,43,0,229,230,231,232,29,29,29,29,43,45,99,100,44,0,233,234,235,236,29,29,29,29,43,32,93,99,45,0,237,238,239,240,58,58,58,58,43,50,49,98,97,0,241,242,243,244,30,30,30,30,43,51,50,97,96,0,245,246,247,248,30,30,30,30,43,36,51,96,95,0,249,250,251,252,59,59,59,59,43,33,37,94,92,0,253,254,255,256,60,60,60,60,43,32,36,95,93,0,257,258,259,260,61,61,61,61,43,49,38,94,98,0,261,262,263,264,30,30,30,30,43,43,101,92,34,0,265,266,267,268,29,29,29,29,43,28,29,104,103,0,269,270,271,272,62,62,62,62,43,31,27,102,106,0,273,274,275,276,63,63,63,63,43,29,30,105,104,0,277,278,279,280,64,64,64,64,43,27,28,103,102,0,281,269,272,282,65,65,65,65,43,30,31,106,105,0,283,284,285,286,66,66,66,66,42,106,102,107,0,287,288,289,67,67,67,42,104,105,107,0,280,279,290,68,68,68,42,102,103,107,0,288,291,289,69,69,69,42,105,106,107,0,286,285,292,70,70,70,42,103,104,107,0,272,271,293,71,71,71],