{
    "metadata":{
        "type":"Geometry",
        "generator":"io_three",
        "version":3,
        "vertices":124,
        "normals":94,
        "colors":0,
        "materials":1,
        "uvs":1,
        "faces":113
    },
    "vertices":[-57.7528,5.21771,-3.9151,-57.7528,5.17799,-3.88227,-57.7528,5.1345,-3.9099,-57.7528,5.14733,-3.95981,-57.7528,5.19876,-3.96302,-57.6995,5.24046,-3.90925,-57.6995,5.17946,-3.85884,-57.6995,5.11266,-3.90127,-57.6995,5.13237,-3.97791,-57.6995,5.21135,-3.98285,-57.6312,5.17526,-3.92602,-59.7485,5.21771,-3.9151,-59.7485,5.17799,-3.88227,-59.7485,5.1345,-3.9099,-59.7485,5.14733,-3.95981,-59.7485,5.19876,-3.96302,-59.8018,5.24046,-3.90925,-59.8018,5.17946,-3.85884,-59.8018,5.11266,-3.90127,-59.8018,5.13237,-3.97791,-59.8018,5.21135,-3.98285,-59.8702,5.17526,-3.92602,-59.6355,2.33316,-3.90111,-57.8314,5.13787,-3.90111,-59.6355,5.13787,-3.90111,-57.8314,2.33316,-3.90111,-59.6355,2.33316,-3.92446,-57.8314,5.13787,-3.92446,-59.6355,5.13787,-3.92446,-57.8314,2.33316,-3.92446,-57.8314,3.31809,-3.90111,-57.8314,3.94028,-3.90111,-57.8314,4.56248,-3.90111,-59.6355,4.56248,-3.90111,-59.6355,3.94028,-3.90111,-59.6355,3.31809,-3.90111,-57.8314,3.31809,-3.92446,-57.8314,3.94028,-3.92446,-57.8314,4.56248,-3.92446,-59.6355,4.56248,-3.92446,-59.6355,3.94028,-3.92446,-59.6355,3.31809,-3.92446,-57.9043,5.21771,-3.9151,-57.9043,5.17799,-3.88227,-57.9043,5.1345,-3.9099,-57.9043,5.14733,-3.95981,-57.9043,5.19876,-3.96302,-57.9586,5.21771,-3.9151,-57.9586,5.17799,-3.88227,-57.9586,5.1345,-3.9099,-57.9586,5.14733,-3.95981,-57.9586,5.19876,-3.96302,-57.9038,5.24627,-3.90776,-57.9038,5.17983,-3.85284,-57.9038,5.10707,-3.89906,-57.9038,5.12854,-3.98254,-57.9038,5.21457,-3.98792,-57.959,5.24627,-3.90776,-57.959,5.17983,-3.85284,-57.959,5.10707,-3.89906,-57.959,5.12854,-3.98254,-57.959,5.21457,-3.98792,-59.5137,5.21771,-3.9151,-59.5137,5.17799,-3.88227,-59.5137,5.1345,-3.9099,-59.5137,5.14733,-3.95981,-59.5137,5.19876,-3.96302,-59.568,5.21771,-3.9151,-59.568,5.17799,-3.88227,-59.568,5.1345,-3.9099,-59.568,5.14733,-3.95981,-59.568,5.19876,-3.96302,-59.5132,5.24627,-3.90776,-59.5132,5.17983,-3.85284,-59.5132,5.10707,-3.89906,-59.5132,5.12854,-3.98254,-59.5132,5.21457,-3.98792,-59.5684,5.24627,-3.90776,-59.5684,5.17983,-3.85284,-59.5684,5.10707,-3.89906,-59.5684,5.12854,-3.98254,-59.5684,5.21457,-3.98792,-58.7271,5.04571,-3.90111,-58.7335,2.69589,-3.90111,-58.7271,5.04571,-3.92446,-58.7335,2.69589,-3.92446,-58.7335,3.31809,-3.92446,-58.7335,3.94028,-3.92446,-58.7335,4.56248,-3.92446,-58.7335,3.31809,-3.90111,-58.7335,3.94028,-3.90111,-58.7335,4.56248,-3.90111,-58.3514,5.21443,-3.85478,-58.2993,5.19557,-3.85478,-58.2652,5.23931,-3.85478,-58.2963,5.2852,-3.85478,-58.3496,5.26982,-3.85478,-58.3514,5.21443,-4.05329,-58.2993,5.19557,-4.05329,-58.2652,5.23931,-4.05329,-58.2963,5.2852,-4.05329,-58.3496,5.26982,-4.05329,-58.3695,5.28533,-3.79744,-58.2877,5.30895,-3.79744,-58.24,5.23848,-3.79744,-58.2923,5.17131,-3.79744,-58.3723,5.20027,-3.79744,-58.3123,5.24087,-3.72391,-59.1762,5.26979,-3.85478,-59.178,5.21439,-3.85478,-59.1258,5.19559,-3.85478,-59.0919,5.23936,-3.85478,-59.123,5.28521,-3.85478,-59.1762,5.26979,-4.05329,-59.178,5.21439,-4.05329,-59.1258,5.19559,-4.05329,-59.0919,5.23936,-4.05329,-59.123,5.28521,-4.05329,-59.1144,5.30897,-3.79744,-59.0666,5.23855,-3.79744,-59.1188,5.17133,-3.79744,-59.1989,5.20021,-3.79744,-59.1961,5.28528,-3.79744,-59.139,5.24087,-3.72391],
    "faces":[43,11,0,4,15,0,2,3,0,1,0,0,0,0,43,2,13,14,3,0,4,5,6,7,1,1,1,1,43,0,11,12,1,0,8,9,10,11,2,2,2,2,43,4,0,5,9,0,12,13,14,15,3,3,3,3,43,2,3,8,7,0,16,17,18,14,4,4,4,4,43,0,1,6,5,0,19,20,21,22,5,5,5,5,43,3,4,9,8,0,23,24,25,26,6,6,6,6,43,1,2,7,6,0,20,27,28,21,7,7,7,7,42,5,6,10,0,29,30,31,8,8,8,42,8,9,10,0,26,25,32,9,9,9,42,6,7,10,0,21,28,33,10,10,10,42,9,5,10,0,15,14,34,11,11,11,42,7,8,10,0,14,18,35,12,12,12,43,15,20,16,11,0,36,37,38,39,13,13,13,13,43,13,18,19,14,0,40,38,41,42,14,14,14,14,43,11,16,17,12,0,43,44,45,46,15,15,15,15,43,14,19,20,15,0,47,48,49,50,16,16,16,16,43,12,17,18,13,0,46,45,51,52,17,17,17,17,42,16,21,17,0,53,54,55,18,18,18,42,19,21,20,0,48,56,49,19,19,19,42,17,21,18,0,45,57,51,20,20,20,42,20,21,16,0,37,58,38,21,21,21,42,18,21,19,0,38,59,41,22,22,22,43,91,32,23,82,0,60,61,62,63,23,23,23,23,43,88,84,27,38,0,64,65,66,67,24,24,24,24,43,35,41,26,22,0,68,69,70,71,25,25,25,25,43,32,38,27,23,0,72,73,74,75,26,26,26,26,43,83,85,29,25,0,76,77,78,79,27,27,27,27,43,82,84,28,24,0,80,81,82,83,28,28,28,28,43,25,29,36,30,0,84,85,86,87,29,29,29,29,43,30,36,37,31,0,88,89,90,91,29,29,29,29,43,31,37,38,32,0,92,93,94,95,29,29,29,29,43,24,28,39,33,0,96,97,98,99,30,30,30,30,43,33,39,40,34,0,100,101,102,103,25,25,25,25,43,34,40,41,35,0,104,105,106,107,25,25,25,25,43,85,86,36,29,0,108,109,110,111,31,31,31,31,43,86,87,37,36,0,112,113,114,115,24,24,24,24,43,87,88,38,37,0,116,117,118,119,24,24,24,24,43,83,25,30,89,0,120,121,122,123,32,32,32,32,43,89,30,31,90,0,124,125,126,127,23,23,23,23,43,90,31,32,91,0,128,129,130,131,23,23,23,23,43,73,72,77,78,0,132,133,134,135,33,33,33,33,43,75,74,79,80,0,136,137,138,139,34,34,34,34,43,72,76,81,77,0,140,141,142,136,35,35,35,35,43,74,73,78,79,0,143,132,135,144,36,36,36,36,43,76,75,80,81,0,145,146,147,148,37,37,37,37,43,56,55,60,61,0,149,150,151,152,37,37,37,37,43,54,53,58,59,0,153,154,155,156,36,36,36,36,43,52,56,61,57,0,157,158,141,140,35,35,35,35,43,55,54,59,60,0,159,160,161,162,34,34,34,34,43,53,52,57,58,0,154,163,164,155,33,33,33,33,43,45,44,54,55,0,165,166,167,168,38,38,38,38,43,51,47,57,61,0,169,170,171,172,39,39,39,39,43,48,49,59,58,0,173,174,175,176,40,40,40,40,43,46,45,55,56,0,177,165,168,178,41,41,41,41,43,43,42,52,53,0,179,180,181,182,42,42,42,42,43,49,50,60,59,0,174,183,184,175,43,43,43,43,43,42,46,56,52,0,180,177,178,181,44,44,44,44,43,44,43,53,54,0,166,179,182,167,45,45,45,45,43,50,51,61,60,0,183,169,172,184,46,46,46,46,43,47,48,58,57,0,170,173,176,171,47,47,47,47,43,65,64,74,75,0,185,186,187,188,48,48,48,48,43,71,67,77,81,0,189,190,191,192,49,49,49,49,43,68,69,79,78,0,193,194,195,196,50,50,50,50,43,66,65,75,76,0,197,185,188,198,51,51,51,51,43,63,62,72,73,0,199,200,201,202,52,52,52,52,43,69,70,80,79,0,194,203,204,195,53,53,53,53,43,62,66,76,72,0,200,197,198,201,54,54,54,54,43,64,63,73,74,0,186,199,202,187,55,55,55,55,43,70,71,81,80,0,203,189,192,204,56,56,56,56,43,67,68,78,77,0,190,193,196,191,57,57,57,57,43,3,14,15,4,0,205,206,207,208,58,58,58,58,43,34,90,91,33,0,209,210,211,212,23,23,23,23,43,35,89,90,34,0,213,214,215,216,23,23,23,23,43,22,83,89,35,0,217,218,219,220,59,59,59,59,43,40,39,88,87,0,221,222,223,224,24,24,24,24,43,41,40,87,86,0,225,226,227,228,24,24,24,24,43,26,41,86,85,0,229,230,231,232,60,60,60,60,43,23,27,84,82,0,233,234,235,236,61,61,61,61,43,22,26,85,83,0,237,238,239,240,62,62,62,62,43,39,28,84,88,0,241,242,243,244,24,24,24,24,43,33,91,82,24,0,245,246,247,248,23,23,23,23,43,98,93,92,97,0,205,206,207,208,63,63,63,63,43,99,94,93,98,0,4,5,6,7,64,64,64,64,43,92,106,102,96,0,36,37,38,39,65,65,65,65,43,97,92,96,101,0,0,1,2,3,66,66,66,66,43,101,96,95,100,0,8,9,10,11,67,67,67,67,43,94,104,105,93,0,40,38,41,42,68,68,68,68,43,96,102,103,95,0,43,44,45,46,69,69,69,69,43,93,105,106,92,0,47,48,49,50,70,70,70,70,43,95,103,104,94,0,46,45,51,52,71,71,71,71,42,102,107,103,0,53,54,55,72,72,72,42,105,107,106,0,48,56,49,73,73,73,42,103,107,104,0,45,57,51,74,74,74,42,106,107,102,0,37,58,38,75,75,75,42,104,107,105,0,38,59,41,76,76,76,43,100,95,94,99,0,11,10,249,250,77,77,77,77,43,114,109,108,113,0,205,206,207,208,78,78,78,78,43,115,110,109,114,0,4,5,6,7,79,79,79,79,43,108,122,118,112,0,36,37,38,39,80,80,80,80,43,113,108,112,117,0,0,1,2,3,81,81,81,81,43,117,112,111,116,0,8,9,10,11,82,82,82,82,43,110,120,121,109,0,40,38,41,42,83,83,83,83,43,112,118,119,111,0,43,44,45,46,84,84,84,84,43,109,121,122,108,0,47,48,49,50,85,85,85,85,43,111,119,120,110,0,46,45,51,52,86,86,86,86,42,118,123,119,0,53,54,55,87,87,87,42,121,123,122,0,48,56,49,88,88,88,42,119,123,120,0,45,57,51,89,89,89,42,122,123,118,0,37,58,38,90,90,90,42,120,123,121,0,38,59,41,91,91,